"Path","Platform","Compiled","Cooked","Permutations","Compiletime","CompiledDouble","CookedDouble"
"Globals","0","33","0","1","0.000000","0","0"
"/SpeedTreeImporter/SpeedTree9/SpeedTreeMaster.SpeedTreeMaster","0","28","32","1","0.000000","0","32"
"/SpeedTreeImporter/SpeedTree9/SpeedTreeBillboardMaster.SpeedTreeBillboardMaster","0","28","32","1","0.000000","0","32"
"/Game/3D_Assets/Materials/M_Wood.M_Wood","0","3","3","1","2.123359","0","3"
"/Engine/EngineSky/VolumetricClouds/m_SimpleVolumetricCloud.m_SimpleVolumetricCloud","0","90","90","1","6.503129","0","90"
"/InterchangeAssets/gltf/M_Default.M_Default","0","118","136","6","0.000000","0","136"
"/InterchangeAssets/gltf/M_Sheen.M_Sheen","0","110","120","6","0.000000","0","120"
"/InterchangeAssets/gltf/M_SpecularGlossiness.M_SpecularGlossiness","0","110","120","6","0.000000","0","120"
"/InterchangeAssets/gltf/M_ClearCoat.M_ClearCoat","0","118","136","6","0.000000","0","136"
"/InterchangeAssets/gltf/M_Transmission.M_Transmission","0","36","36","2","0.000000","0","36"
"/InterchangeAssets/gltf/M_Unlit.M_Unlit","0","90","100","6","0.000000","0","100"
"/Paper2D/DefaultSpriteMaterial.DefaultSpriteMaterial","0","36","42","2","0.000000","0","42"
"/Engine/EngineMaterials/Widget3DPassThrough.Widget3DPassThrough","0","45","50","6","27.544147","5","60"
"/Engine/TemplateResources/M_Template_Master.M_Template_Master","0","6","6","1","0.000000","0","6"
"/Engine/EditorLandscapeResources/LandscapeLayerUsageMaterial.LandscapeLayerUsageMaterial","0","2","2","1","2.209193","0","2"
"/Game/FirstPerson/Shaders/M_ColorLimiter.M_ColorLimiter","0","5","5","1","1.462511","0","5"
"/Engine/EngineSky/M_SimpleSkyDome.M_SimpleSkyDome","0","2","2","1","1.995662","0","2"
"/Game/LevelPrototyping/Materials/M_FlatCol.M_FlatCol","0","9","9","1","0.000000","0","9"
"/Game/3D_Assets/Materials/Master/M_Master.M_Master","0","3","3","1","0.000000","0","3"
"/Engine/EngineSky/M_Sky_Panning_Clouds2.M_Sky_Panning_Clouds2","0","2","2","1","1.885973","0","2"
"/Engine/EngineMaterials/DefaultTextMaterialOpaque.DefaultTextMaterialOpaque","0","14","16","1","12.263339","0","16"
"/Engine/EngineMaterials/WorldGridMaterial.WorldGridMaterial","0","609","632","1","212.423340","0","632"
"/Engine/EngineMaterials/DefaultLightFunctionMaterial.DefaultLightFunctionMaterial","0","37","37","1","0.937505","0","37"
"/Engine/EngineMaterials/DefaultDeferredDecalMaterial.DefaultDeferredDecalMaterial","0","75","75","1","23.782616","0","75"
"/Engine/EngineMaterials/DefaultPostProcessMaterial.DefaultPostProcessMaterial","0","31","31","1","12.770963","0","31"
"/HairStrands/Materials/HairDebugMaterial.HairDebugMaterial","0","57","63","1","0.000000","0","63"
"/HairStrands/Materials/HairDefaultMaterial.HairDefaultMaterial","0","33","36","1","0.000000","0","36"
"/HairStrands/Materials/HairCardsDefaultMaterial.HairCardsDefaultMaterial","0","57","63","1","0.000000","0","63"
"/HairStrands/Materials/HairMeshesDefaultMaterial.HairMeshesDefaultMaterial","0","33","36","1","0.000000","0","36"
"/CameraCalibrationCore/Materials/M_DefaultOddSquare.M_DefaultOddSquare","0","4","4","1","0.000000","0","4"
"/CameraCalibrationCore/Materials/M_DefaultEvenSquare.M_DefaultEvenSquare","0","4","4","1","0.000000","0","4"
"/ControlRig/Controls/ControlRigXRayMaterial.ControlRigXRayMaterial","0","8","9","1","0.000000","0","9"
"/Engine/EngineMaterials/RemoveSurfaceMaterial.RemoveSurfaceMaterial","0","2","2","1","0.000000","0","2"
"/Engine/EditorLandscapeResources/MaskBrushMaterial.MaskBrushMaterial","0","5","5","1","2.982234","1","5"
"/ControlRig/M_Manip.M_Manip","0","8","9","1","0.000000","0","9"
"/ControlRig/Controls/ControlRigGizmoMaterial.ControlRigGizmoMaterial","0","2","2","1","0.000000","0","2"
"/Game/LevelPrototyping/Materials/M_PrototypeGrid.M_PrototypeGrid","0","3","3","1","0.000000","3","9"
"/Engine/VREditor/SnapGrid/SnapGridMaterial.SnapGridMaterial","0","14","14","1","8.372903","0","14"
"/Engine/EditorLandscapeResources/SelectBrushMaterial.SelectBrushMaterial","0","10","10","2","6.404164","0","10"
"/Engine/EditorLandscapeResources/ColorMaskBrushMaterial.ColorMaskBrushMaterial","0","5","5","1","3.139963","0","5"
"/Engine/VREditor/TransformGizmo/TransformGizmoMaterial.TransformGizmoMaterial","0","4","4","1","3.934818","0","4"
"/Engine/EngineMaterials/EmissiveMeshMaterial.EmissiveMeshMaterial","0","14","14","1","7.938832","0","14"
"/Engine/EngineMaterials/M_InvalidLightmapSettings.M_InvalidLightmapSettings","0","6","6","1","5.725718","0","6"
"/Engine/EngineMaterials/PhAT_JointLimitMaterial.PhAT_JointLimitMaterial","0","8","9","1","5.594720","0","9"
"/Engine/EngineMaterials/FlattenMaterial_WS_Normal_VT.FlattenMaterial_WS_Normal_VT","0","6","6","1","6.659590","0","6"
"/Engine/EditorLandscapeResources/LayerVisMaterial.LayerVisMaterial","0","2","2","1","2.030981","0","2"
"/Engine/EditorLandscapeResources/LandscapeDirtyMaterial.LandscapeDirtyMaterial","0","5","5","1","3.175933","0","5"
"/Engine/EngineMaterials/FlattenMaterial.FlattenMaterial","0","9","9","1","9.800530","0","9"
"/Engine/EngineMaterials/FlattenMaterial_VT.FlattenMaterial_VT","0","6","6","1","5.109856","0","6"
"/Engine/EngineMaterials/PPM_DefaultCalibrationColor.PPM_DefaultCalibrationColor","0","5","5","1","1.117293","0","5"
"/Engine/EngineMaterials/PPM_DefaultCalibrationGrayscale.PPM_DefaultCalibrationGrayscale","0","5","5","1","1.045152","0","5"
"/Engine/EditorMaterials/PhAT_UnselectedMaterial.PhAT_UnselectedMaterial","0","5","5","1","1.187891","0","5"
"/Engine/EngineDebugMaterials/DebugEditorMaterial.DebugEditorMaterial","0","5","6","1","3.802517","0","6"
"/Engine/EditorMaterials/PhAT_NoCollisionMaterial.PhAT_NoCollisionMaterial","0","5","5","1","1.134122","0","5"
"/Engine/EngineMaterials/DefaultMaterial.DefaultMaterial","0","24","24","1","12.587868","0","24"
"/Engine/EngineDebugMaterials/M_VolumeRenderSphereTracePP.M_VolumeRenderSphereTracePP","0","5","5","1","2.377822","0","5"
"/Engine/EditorMaterials/PreviewShadowIndicatorMaterial.PreviewShadowIndicatorMaterial","0","25","25","1","1.646983","0","25"
"/Engine/EngineDebugMaterials/DebugMeshMaterial.DebugMeshMaterial","0","7","7","1","1.140352","0","7"
"/Engine/VREditor/TransformGizmo/Main.Main","0","10","10","1","5.119394","0","10"
"/Engine/EditorMaterials/Camera/CineMat.CineMat","0","6","6","1","5.528887","0","6"
"/Engine/EditorMaterials/Dataflow/DataflowVertexMaterial.DataflowVertexMaterial","0","6","6","1","5.715828","0","6"
"/Engine/EditorMaterials/Dataflow/DataflowTwoSidedVertexMaterial.SculptMaterial","0","6","0","1","0.000000","0","0"
"/Engine/VREditor/TransformGizmo/Xray.Xray","0","6","0","1","0.000000","0","0"
"/Engine/EditorLandscapeResources/SplineEditorMeshMat.SplineEditorMeshMat","0","10","0","1","0.000000","0","0"
"/Engine/VREditor/TransformGizmo/TranslucentTransformGizmoMaterial.TranslucentTransformGizmoMaterial","0","10","0","1","0.000000","0","0"
"/Engine/EngineDebugMaterials/M_SimpleUnlitTranslucent.M_SimpleUnlitTranslucent","0","5","0","1","0.000000","0","0"
"/Engine/BasicShapes/BasicShapeMaterial.BasicShapeMaterial","0","9","0","1","0.000000","0","0"
"/Engine/EditorMaterials/Dataflow/DataflowTwoSidedVertexMaterial.DataflowTwoSidedVertexMaterial","0","6","0","1","0.000000","0","0"
"/Engine/EngineMaterials/NaniteHiddenSectionMaterial.NaniteHiddenSectionMaterial","0","12","0","1","0.000000","0","0"
"/Engine/EngineMaterials/GizmoMaterial.GizmoMaterial","0","5","0","1","0.000000","0","0"
"Globals","49","15774","0","1","0.000000","0","0"
"/SpeedTreeImporter/SpeedTree9/SpeedTreeMaster.SpeedTreeMaster","49","44","48","1","0.000000","0","48"
"/Engine/EngineMaterials/Widget3DPassThrough.Widget3DPassThrough","49","81","86","6","92.413513","0","96"
"/Engine/EditorLandscapeResources/LandscapeLayerUsageMaterial.LandscapeLayerUsageMaterial","49","7","7","1","15.606203","0","7"
"/SpeedTreeImporter/SpeedTree9/SpeedTreeBillboardMaster.SpeedTreeBillboardMaster","49","44","48","1","0.000000","0","48"
"/Game/FirstPerson/Shaders/M_ColorLimiter.M_ColorLimiter","49","6","6","1","0.750675","0","6"
"/Engine/EngineSky/M_SimpleSkyDome.M_SimpleSkyDome","49","7","7","1","1.667252","0","7"
"/Engine/EngineSky/VolumetricClouds/m_SimpleVolumetricCloud.m_SimpleVolumetricCloud","49","93","93","1","0.000000","0","93"
"/Game/LevelPrototyping/Materials/M_FlatCol.M_FlatCol","49","22","22","1","7.505096","0","22"
"/Game/3D_Assets/Materials/Master/M_Master.M_Master","49","13","13","1","8.389414","0","13"
"/Game/3D_Assets/Materials/M_Wood.M_Wood","49","13","13","1","0.000000","0","13"
"/Engine/EngineSky/M_Sky_Panning_Clouds2.M_Sky_Panning_Clouds2","49","7","7","1","2.144983","0","7"
"/InterchangeAssets/gltf/M_Default.M_Default","49","166","184","6","0.000000","0","184"
"/InterchangeAssets/gltf/M_Sheen.M_Sheen","49","158","168","6","0.000000","0","168"
"/InterchangeAssets/gltf/M_SpecularGlossiness.M_SpecularGlossiness","49","158","168","6","0.000000","0","168"
"/InterchangeAssets/gltf/M_Transmission.M_Transmission","49","54","54","2","0.000000","0","54"
"/InterchangeAssets/gltf/M_ClearCoat.M_ClearCoat","49","166","184","6","0.000000","0","184"
"/InterchangeAssets/gltf/M_Unlit.M_Unlit","49","254","264","6","0.000000","0","264"
"/Game/LevelPrototyping/Materials/M_PrototypeGrid.M_PrototypeGrid","49","13","13","1","11.331464","0","13"
"/Engine/EditorLandscapeResources/MaskBrushMaterial.MaskBrushMaterial","49","10","10","1","8.190801","8","10"
"/Engine/VREditor/SnapGrid/SnapGridMaterial.SnapGridMaterial","49","22","22","1","20.846235","0","22"
"/Paper2D/DefaultSpriteMaterial.DefaultSpriteMaterial","49","58","64","2","0.000000","0","64"
"/Engine/EditorLandscapeResources/SelectBrushMaterial.SelectBrushMaterial","49","20","20","2","16.519583","0","20"
"/Engine/EngineMaterials/DefaultTextMaterialOpaque.DefaultTextMaterialOpaque","49","22","24","1","26.149878","0","24"
"/Engine/EngineMaterials/WorldGridMaterial.WorldGridMaterial","49","1817","1840","1","0.000000","0","1840"
"","49","512","0","1","0.000000","513","0"
"/Engine/TemplateResources/M_Template_Master.M_Template_Master","49","16","16","1","0.000000","0","16"
"/ControlRig/M_Manip.M_Manip","49","13","14","1","0.000000","0","14"
"/Engine/EngineMaterials/PhAT_JointLimitMaterial.PhAT_JointLimitMaterial","49","13","14","1","10.977543","0","14"
"/Engine/EditorLandscapeResources/LayerVisMaterial.LayerVisMaterial","49","7","7","1","7.961362","0","7"
"/Engine/EditorLandscapeResources/ColorMaskBrushMaterial.ColorMaskBrushMaterial","49","10","10","1","11.072883","0","10"
"/Engine/EditorLandscapeResources/LandscapeDirtyMaterial.LandscapeDirtyMaterial","49","10","10","1","7.456566","0","10"
"/Engine/EngineMaterials/EmissiveMeshMaterial.EmissiveMeshMaterial","49","21","21","1","14.609785","0","21"
"/Engine/EngineMaterials/M_InvalidLightmapSettings.M_InvalidLightmapSettings","49","16","16","1","11.238108","0","16"
"/Engine/EngineMaterials/FlattenMaterial.FlattenMaterial","49","22","22","1","25.272768","0","22"
"/Engine/EngineMaterials/FlattenMaterial_VT.FlattenMaterial_VT","49","16","16","1","21.280243","0","16"
"/Engine/EngineMaterials/FlattenMaterial_WS_Normal_VT.FlattenMaterial_WS_Normal_VT","49","16","16","1","17.882387","0","16"
"/Engine/VREditor/TransformGizmo/TransformGizmoMaterial.TransformGizmoMaterial","49","11","11","1","5.521760","0","11"
"/Engine/EngineMaterials/DefaultMaterial.DefaultMaterial","49","45","45","1","20.611868","0","45"
"/Engine/EngineMaterials/DefaultDeferredDecalMaterial.DefaultDeferredDecalMaterial","49","80","80","1","0.000000","0","80"
"/Engine/EngineMaterials/DefaultPostProcessMaterial.DefaultPostProcessMaterial","49","32","32","1","0.000000","0","32"
"/Engine/EngineDebugMaterials/M_VolumeRenderSphereTracePP.M_VolumeRenderSphereTracePP","49","6","6","1","2.804269","0","6"
"/HairStrands/Materials/HairDebugMaterial.HairDebugMaterial","49","73","79","1","0.000000","0","79"
"/Engine/EditorMaterials/PreviewShadowIndicatorMaterial.PreviewShadowIndicatorMaterial","49","66","66","1","3.474885","0","66"
"/Engine/EngineMaterials/DefaultLightFunctionMaterial.DefaultLightFunctionMaterial","49","78","78","1","0.000000","0","78"
"/Engine/VREditor/TransformGizmo/Main.Main","49","17","17","1","10.026254","0","17"
"/ControlRig/Controls/ControlRigXRayMaterial.ControlRigXRayMaterial","49","13","14","1","0.000000","0","14"
"/Engine/BasicShapes/BasicShapeMaterial.BasicShapeMaterial","49","27","27","1","22.346243","0","0"
"/Engine/EditorMaterials/Dataflow/DataflowVertexMaterial.DataflowVertexMaterial","49","11","11","1","7.681985","0","11"
"/Engine/EditorMaterials/Dataflow/DataflowTwoSidedVertexMaterial.DataflowTwoSidedVertexMaterial","49","11","12","1","8.433535","0","0"
"/Engine/EditorMaterials/Dataflow/DataflowTwoSidedVertexMaterial.SculptMaterial","49","11","12","1","6.992290","0","0"
"/Engine/EngineMaterials/NaniteHiddenSectionMaterial.NaniteHiddenSectionMaterial","49","19","21","1","13.323782","0","0"
"/Engine/EngineMaterials/RemoveSurfaceMaterial.RemoveSurfaceMaterial","49","7","7","1","0.000000","0","7"
"/Engine/EngineDebugMaterials/DebugMeshMaterial.DebugMeshMaterial","49","12","12","1","0.987231","0","12"
"/Engine/EngineMaterials/GizmoMaterial.GizmoMaterial","49","10","11","1","5.042010","0","0"
"/Engine/VREditor/TransformGizmo/Xray.Xray","49","13","13","1","5.553102","0","0"
"/Engine/EditorMaterials/Camera/CineMat.CineMat","49","14","14","1","8.545856","0","14"
"/Engine/EditorLandscapeResources/SplineEditorMeshMat.SplineEditorMeshMat","49","22","24","1","18.870337","0","0"
"/HairStrands/Materials/HairDefaultMaterial.HairDefaultMaterial","49","42","45","1","0.000000","0","45"
"/HairStrands/Materials/HairCardsDefaultMaterial.HairCardsDefaultMaterial","49","73","79","1","0.000000","0","79"
"/HairStrands/Materials/HairMeshesDefaultMaterial.HairMeshesDefaultMaterial","49","42","45","1","0.000000","0","45"
"/CameraCalibrationCore/Materials/M_DefaultOddSquare.M_DefaultOddSquare","49","9","9","1","0.000000","0","9"
"/CameraCalibrationCore/Materials/M_DefaultEvenSquare.M_DefaultEvenSquare","49","9","9","1","0.000000","0","9"
"/Engine/VREditor/TransformGizmo/TranslucentTransformGizmoMaterial.TranslucentTransformGizmoMaterial","49","17","17","1","9.113636","0","0"
"/Engine/EngineDebugMaterials/M_SimpleUnlitTranslucent.M_SimpleUnlitTranslucent","49","10","10","1","5.442918","0","0"
"/Engine/EngineMaterials/PPM_DefaultCalibrationGrayscale.PPM_DefaultCalibrationGrayscale","49","6","6","1","0.881935","0","6"
"/Engine/EngineDebugMaterials/DebugEditorMaterial.DebugEditorMaterial","49","10","11","1","5.834236","0","11"
"/Engine/EngineMaterials/PPM_DefaultCalibrationColor.PPM_DefaultCalibrationColor","49","6","6","1","0.771929","0","6"
"/Engine/EditorMaterials/PhAT_UnselectedMaterial.PhAT_UnselectedMaterial","49","10","10","1","5.414810","0","10"
"/Engine/EditorMaterials/PhAT_NoCollisionMaterial.PhAT_NoCollisionMaterial","49","10","10","1","5.022233","0","10"
"/ControlRig/Controls/ControlRigGizmoMaterial.ControlRigGizmoMaterial","49","7","7","1","0.000000","0","7"
